location,latitude,longitude
West Virginia University,39.6348398,-79.9542095
"Lawrence University, WI",44.2607247,-88.398891
"Taylor University, IN",40.4560812,-85.5011884
Iowa State University,42.0279608,-93.6447375
"Concordia University, St. Paul, MN",44.9497767,-93.1573209
"Sacred Heart University, CT",41.2225974,-73.2444673
"Linfield University, McMinnville, OR",45.1984734,-123.1981384
Penn State - New Kensington,40.5469094,-79.695263
Shippensburg University,40.0612166,-77.5206291
Florida State College,26.6137719,-80.0858653
Santa Clara University,37.3486243,-121.936544
University of Illinois-Springfield,39.7288145,-89.6172915
Purdue University-Fort Wayne,41.1195851,-85.1057072
Brigham Young University,40.2498073,-111.6499458
Fort Hays State University,38.8706832,-99.3442115
Thomas More University,39.0209185,-84.5676956
University of Lafayette,40.724044,-73.9961681
Frederick County Community College,39.451578,-77.4181668
Saginaw Valley State University,43.5158881,-83.9593131
Columbia College,41.8753862,-87.6265202
Creighton University,41.2658565,-95.9450555
Ramapo College of New Jersey,41.0822446,-74.1738235
"St. Cloud State University, St. Cloud, MN",45.549977,-94.1514779
"Massachusetts Maritime Academy, MA",41.7403399,-70.6241581
"John Carroll University, OH",41.490381,-81.5287587
University of Arkansas Little Rock,34.7223681,-92.3383026
Colorado Mesa University,39.0819157,-108.5559956
University of North Alabama,34.8076805,-87.6817474
University of Southern California,34.021869,-118.2858579
Paradise Valley Community College,33.6514888,-112.0106503
"Baylor University, TX",31.5504341,-97.1102906
University of Wisconsin—River Falls,44.8481427,-92.6193599
"Creighton University, Omaha, NE",41.2658565,-95.9450555
Lehigh University,40.6068028,-75.3782488
"Hanover College, Hanover, IN",38.7165177,-85.4616428
Randolph Macon College,37.7625105,-77.4795421
"University of Minnesota Morris, Morris, MN",45.5902344,-95.8993091
"Southern New Hampshire University, Manchester, NH",43.0374605,-71.4478392
"Oklahoma Baptist University, Shawnee, OK",35.364463,-96.933851
Utica University,43.0972479,-75.2704844
Georgia Southern University,32.4214381,-81.7845053
University of Wisconsin—Oshkosh,44.0252,-88.5510899
University of South Florida St. Petersburg,27.7627389,-82.6361822
California State University Monterey Bay,36.6537668,-121.7973446
"Kalamazoo College, Kalamazoo, MI",42.2907574,-85.5993647
St. John Fisher University,43.1150631,-77.5104317
Saint Thomas Aquinas College,41.0412949,-73.9371582
