row_id,meeting_index,term,meeting_status,section,date,location,speakers,section_url,latitude,longitude,status,note
national-0,0,fall,upcoming,MAA MathFest,"August 4-7, 2027","New Orleans, LA",,https://maa.org/event/mathfest/,29.9561422,-90.0733934,ok,
national-0,1,fall,upcoming,MAA MathFest,"August 2-5, 2028","San Diego, CA",,https://maa.org/event/mathfest/,32.7157062,-117.1638284,ok,
national-0,2,fall,upcoming,MAA MathFest,"August 8-11, 2029","Chicago, IL",,https://maa.org/event/mathfest/,41.8755616,-87.6244212,ok,
national-0,3,fall,upcoming,MAA MathFest,"August 7-10, 2030","New York, NY",,https://maa.org/event/mathfest/,40.7127281,-74.0060152,ok,
row-0,0,,current,ALLEGHENY MOUNTAIN,,,,https://www.alleghenymtn.maa.org/,,,invalid,
row-1,0,,current,EASTERN PA & DELAWARE,,,,http://sections.maa.org/epadel/,,,invalid,
row-2,0,,current,FLORIDA,,,,http://sections.maa.org/florida/,,,invalid,
row-3,0,,current,GOLDEN,,,,http://sections.maa.org/golden/,,,invalid,
row-4,0,,current,ILLINOIS,,,,http://sections.maa.org/illinois/,,,invalid,
row-5,0,,current,INDIANA,,,,https://www.indiana.maa.org/,,,invalid,
row-6,0,,current,INTERMOUNTAIN,,,,https://www.intermountain.maa.org/,,,invalid,
row-7,0,,current,IOWA,,,,https://www.iowa.maa.org/,,,invalid,
row-8,0,,current,KANSAS,,,,https://www.kansas.maa.org/,,,invalid,
row-9,0,,current,KENTUCKY,,,,https://www.kentucky.maa.org/,,,invalid,
row-10,0,,current,LOUISIANA-MISSISSIPPI,,,,https://www.la-ms.maa.org/2026-meeting,,,invalid,
row-11,0,,current,MD-DC-VA,,,,http://sections.maa.org/mddcva/,,,invalid,
row-12,0,,current,METROPOLITAN NEW YORK,,,,http://sections.maa.org/metrony/,,,invalid,
row-13,0,,current,MICHIGAN,,,,http://sections.maa.org/michigan/,,,invalid,
row-14,0,,current,MISSOURI,,,,http://sections.maa.org/missouri/,,,invalid,
row-15,0,,current,NEBRASKA - SOUTHEAST SOUTH DAKOTA,,,,https://www.nesesd.maa.org/events,,,invalid,
row-16,0,,current,NEW JERSEY,,,,http://sections.maa.org/newjersey/Main/Home.html,,,invalid,
row-17,0,,current,NORTH CENTRAL,,,,https://www.northcentral.maa.org/maa-ncs-spring-2026-meeting,,,invalid,
row-18,0,,current,NORTHEASTERN,,,,https://www.northeastern.maa.org/,,,invalid,
row-19,0,,current,OHIO,,,,https://www.ohio.maa.org/,,,invalid,
row-20,0,,current,OKLAHOMA-ARKANSAS,,,,http://sections.maa.org/okar/,,,invalid,
row-21,0,,current,PACIFIC NORTHWEST,,,,http://sections.maa.org/pnw/,,,invalid,
row-22,0,,current,ROCKY MOUNTAIN,,,,https://www.rockymountain.maa.org/,,,invalid,
row-23,0,,current,SEAWAY,,,,https://maaseaway.org/,,,invalid,
row-24,0,,current,SOUTHEASTERN,,,,https://southeastern.maa.org/,,,invalid,
row-25,0,,current,SOUTHERN CALIFORNIA - NEVADA,,,,http://sections.maa.org/socalnv/,,,invalid,
row-26,0,,current,SOUTHWESTERN,,,,https://www.southwestern.maa.org/,,,invalid,
row-27,0,,current,TEXAS,,,,http://sections.maa.org/texas/,,,invalid,
row-28,0,,current,WISCONSIN,,,,https://www.wisconsin.maa.org/,,,invalid,
