section,country_codes,viewbox
ALLEGHENY MOUNTAIN,us,
EASTERN PA & DELAWARE,us,
FLORIDA,us,
GOLDEN,us,
ILLINOIS,us,
INDIANA,us,
INTERMOUNTAIN,us,
IOWA,us,
KANSAS,us,
KENTUCKY,us,
LOUISIANA-MISSISSIPPI,us,
MD-DC-VA,us,
METROPOLITAN NEW YORK,us,"-74.6,40.3,-71.5,41.9"
MICHIGAN,us,
MISSOURI,us,
NEBRASKA - SOUTHEAST SOUTH DAKOTA,us,
NEW JERSEY,us,
NORTH CENTRAL,us,
NORTHEASTERN,us,
OHIO,us,
OKLAHOMA-ARKANSAS,us,
PACIFIC NORTHWEST,"us,ca",
ROCKY MOUNTAIN,us,
SEAWAY,"us,ca",
SOUTHEASTERN,us,
SOUTHERN CALIFORNIA - NEVADA,us,
SOUTHWESTERN,us,
TEXAS,us,
WISCONSIN,us,
