section,region
ALLEGHENY MOUNTAIN,Northeast
EASTERN PA & DELAWARE,Northeast
METROPOLITAN NEW YORK,Northeast
NEW JERSEY,Northeast
NORTHEASTERN,Northeast
SEAWAY,Northeast
ILLINOIS,Midwest
INDIANA,Midwest
IOWA,Midwest
KANSAS,Midwest
MICHIGAN,Midwest
MISSOURI,Midwest
NEBRASKA - SOUTHEAST SOUTH DAKOTA,Midwest
NORTH CENTRAL,Midwest
OHIO,Midwest
WISCONSIN,Midwest
FLORIDA,South
KENTUCKY,South
LOUISIANA-MISSISSIPPI,South
MD-DC-VA,South
OKLAHOMA-ARKANSAS,South
SOUTHEASTERN,South
TEXAS,South
GOLDEN,West
INTERMOUNTAIN,West
PACIFIC NORTHWEST,West
ROCKY MOUNTAIN,West
SOUTHERN CALIFORNIA - NEVADA,West
SOUTHWESTERN,West
MAA MathFest,National
